{"logitech_webcam":{"rot":[0.014023791998624802,-0.0016430588439106941,0.9898194670677185,-0.13136567175388336],"trans":[0.0007590446621179581,0.6230025291442871,1.0436445474624634]}}