{"logitech_webcam":{"rot":[0.018045339733362198,-0.02950276806950569,0.9379979372024536,-0.1548585593700409],"trans":[0.002051573246717453,0.61925208568573,0.9609668850898743]}}